{
  "metrics/precision(B)": 0.9001123432227776,
  "metrics/recall(B)": 0.959111366465575,
  "metrics/mAP50(B)": 0.9615349042948135,
  "metrics/mAP50-95(B)": 0.7395863506948805,
  "fitness": 0.7395863506948805
}